<application>
  <component name="com.intellij.ide.ui.customization.CustomActionsSchema">
    <group value="OtherMenu" is_group="true" action_type="-1" position="13">
      <path value="root" />
      <path value="Main menu" />
      <option name="myInitialPosition" value="-1" />
    </group>
    <group value="HelpMenu" is_group="true" action_type="-1" position="12">
      <path value="root" />
      <path value="Main menu" />
      <option name="myInitialPosition" value="-1" />
    </group>
    <group value="WindowMenu" is_group="true" action_type="-1" position="11">
      <path value="root" />
      <path value="Main menu" />
      <option name="myInitialPosition" value="-1" />
    </group>
    <group value="VcsGroups" is_group="true" action_type="-1" position="10">
      <path value="root" />
      <path value="Main menu" />
      <option name="myInitialPosition" value="-1" />
    </group>
    <group value="ToolsMenu" is_group="true" action_type="-1" position="9">
      <path value="root" />
      <path value="Main menu" />
      <option name="myInitialPosition" value="-1" />
    </group>
    <group value="UnitTesting" is_group="true" action_type="-1" position="8">
      <path value="root" />
      <path value="Main menu" />
      <option name="myInitialPosition" value="-1" />
    </group>
    <group value="RunMenu" is_group="true" action_type="-1" position="7">
      <path value="root" />
      <path value="Main menu" />
      <option name="myInitialPosition" value="-1" />
    </group>
    <group value="build" is_group="true" action_type="-1" position="6">
      <path value="root" />
      <path value="Main menu" />
      <option name="myInitialPosition" value="-1" />
    </group>
    <group value="RefactoringMenu" is_group="true" action_type="-1" position="5">
      <path value="root" />
      <path value="Main menu" />
      <option name="myInitialPosition" value="-1" />
    </group>
    <group value="CodeMenu" is_group="true" action_type="-1" position="4">
      <path value="root" />
      <path value="Main menu" />
      <option name="myInitialPosition" value="-1" />
    </group>
    <group value="GoToMenu" is_group="true" action_type="-1" position="3">
      <path value="root" />
      <path value="Main menu" />
      <option name="myInitialPosition" value="-1" />
    </group>
    <group value="ViewMenu" is_group="true" action_type="-1" position="2">
      <path value="root" />
      <path value="Main menu" />
      <option name="myInitialPosition" value="-1" />
    </group>
    <group value="EditMenu" is_group="true" action_type="-1" position="1">
      <path value="root" />
      <path value="Main menu" />
      <option name="myInitialPosition" value="-1" />
    </group>
    <group value="FileMenu" is_group="true" action_type="-1" position="0">
      <path value="root" />
      <path value="Main menu" />
      <option name="myInitialPosition" value="-1" />
    </group>
  </component>
</application>