<application>
  <component name="FindSettings">
    <option name="customScope" value="All Places" />
    <option name="defaultScopeName" value="All Places" />
    <option name="SEARCH_SCOPE" value="All Places" />
    <option name="FILE_MASK" value="*scss" />
    <mask>*nav*</mask>
    <mask>!*spec.ts,!*d.ts,*ts</mask>
    <mask>*html,*ts</mask>
    <mask>*service.ts</mask>
    <mask>*cs</mask>
    <mask>!*service.ts,*ts,!*module.ts,!*spec.ts</mask>
    <mask>*module.ts</mask>
    <mask>*list*scss</mask>
    <mask>*.ts,!*.d.ts</mask>
    <mask>*.scss</mask>
    <mask>!*css</mask>
    <mask>*fixture*</mask>
    <mask>*card*</mask>
    <mask>*marquee*</mask>
    <mask>*list*ts,!*spec.ts</mask>
    <mask>*pipe*</mask>
    <mask>*css</mask>
    <mask>*pipe.ts</mask>
    <mask>!*spec.ts</mask>
    <mask>*service*ts</mask>
    <mask>*.html</mask>
    <mask>*ts,!*spec.ts</mask>
    <mask>*event*.ts</mask>
    <mask>*.ts,!*.d.ts,!*spec.ts,!*horse*,!*bet*,!*rac*,!*index*,!*fixt*,!*resul*,!*v2*</mask>
    <mask>*.ts,!*spec.ts</mask>
    <mask>*ts,!*d.ts</mask>
    <mask>*html</mask>
    <mask>*ts</mask>
    <mask>*.ts</mask>
    <mask>*scss</mask>
  </component>
</application>