<keymap version="1" name="ReSharper copy" parent="ReSharper">
  <action id="ActivateDebugToolWindow">
    <keyboard-shortcut first-keystroke="ctrl alt d" />
  </action>
  <action id="ActivateErrorsInSolutionToolWindow">
    <keyboard-shortcut first-keystroke="ctrl alt e" />
  </action>
  <action id="ActivateFavoritesToolWindow">
    <keyboard-shortcut first-keystroke="shift alt f" />
  </action>
  <action id="ActivateFindToolWindow">
    <keyboard-shortcut first-keystroke="alt 3" />
  </action>
  <action id="ActivateNuGetToolWindow">
    <keyboard-shortcut first-keystroke="ctrl alt n" />
  </action>
  <action id="ActivateProjectToolWindow">
    <keyboard-shortcut first-keystroke="ctrl alt minus" />
  </action>
  <action id="ActivateRESTClientToolWindow">
    <keyboard-shortcut first-keystroke="ctrl alt c" />
  </action>
  <action id="ActivateRunToolWindow">
    <keyboard-shortcut first-keystroke="ctrl alt r" />
  </action>
  <action id="ActivateStructureToolWindow">
    <keyboard-shortcut first-keystroke="ctrl alt s" />
  </action>
  <action id="ActivateTerminalToolWindow" />
  <action id="ActivateUnitTestsToolWindow">
    <keyboard-shortcut first-keystroke="ctrl alt u" />
  </action>
  <action id="ActivateVersionControlToolWindow">
    <keyboard-shortcut first-keystroke="ctrl alt v" />
  </action>
  <action id="AddToFavoritesPopup" />
  <action id="AutoIndentLines" />
  <action id="Back">
    <keyboard-shortcut first-keystroke="ctrl subtract" />
    <mouse-shortcut keystroke="button4" />
  </action>
  <action id="ChangesView.UnshelveSilently" />
  <action id="CheckinProject" />
  <action id="CloseActiveTab">
    <keyboard-shortcut first-keystroke="shift ctrl w" />
  </action>
  <action id="CloseEditor">
    <keyboard-shortcut first-keystroke="shift ctrl q" />
  </action>
  <action id="CollapseAll">
    <keyboard-shortcut first-keystroke="ctrl subtract" />
  </action>
  <action id="CollapseExpandableComponent">
    <keyboard-shortcut first-keystroke="shift enter" />
    <keyboard-shortcut first-keystroke="ctrl subtract" />
  </action>
  <action id="CollapseRegionRecursively">
    <keyboard-shortcut first-keystroke="ctrl alt subtract" />
  </action>
  <action id="Console.History.Browse" />
  <action id="Console.TableResult.ColumnVisibility" />
  <action id="Console.TableResult.CompareCells" />
  <action id="Console.TableResult.DeleteRows" />
  <action id="Console.TableResult.SetDefault" />
  <action id="Console.TableResult.SetNull" />
  <action id="Diff.FocusOppositePane" />
  <action id="Diff.ShowSettingsPopup" />
  <action id="EditorContextInfo" />
  <action id="EditorDecreaseFontSize">
    <keyboard-shortcut first-keystroke="ctrl minus" />
  </action>
  <action id="EditorDeleteLine" />
  <action id="EditorIncreaseFontSize">
    <keyboard-shortcut first-keystroke="shift ctrl equals" />
  </action>
  <action id="EditorResetFontSize">
    <keyboard-shortcut first-keystroke="ctrl equals" />
  </action>
  <action id="EditorSelectWord">
    <keyboard-shortcut first-keystroke="shift alt up" />
  </action>
  <action id="EditorUnSelectWord">
    <keyboard-shortcut first-keystroke="shift alt down" />
  </action>
  <action id="ExpandAll">
    <keyboard-shortcut first-keystroke="ctrl add" />
  </action>
  <action id="ExpandAllRegions">
    <keyboard-shortcut first-keystroke="shift ctrl add" />
  </action>
  <action id="ExpandExpandableComponent">
    <keyboard-shortcut first-keystroke="shift enter" />
    <keyboard-shortcut first-keystroke="ctrl add" />
  </action>
  <action id="FileStructurePopup">
    <keyboard-shortcut first-keystroke="alt m" />
  </action>
  <action id="FindInPath" />
  <action id="FindUsages">
    <keyboard-shortcut first-keystroke="alt u" />
  </action>
  <action id="FindUsagesInFile" />
  <action id="Generate.Missing.Members.TypeScript" />
  <action id="GotoAction">
    <keyboard-shortcut first-keystroke="alt a" />
  </action>
  <action id="GotoClass">
    <keyboard-shortcut first-keystroke="alt c" />
  </action>
  <action id="GotoDeclaration">
    <mouse-shortcut keystroke="control button1" />
    <mouse-shortcut keystroke="button2" />
    <keyboard-shortcut first-keystroke="alt d" />
  </action>
  <action id="GotoFile">
    <keyboard-shortcut first-keystroke="alt f" />
  </action>
  <action id="GotoRelated">
    <keyboard-shortcut first-keystroke="alt l" />
  </action>
  <action id="GotoSuperMethod">
    <keyboard-shortcut first-keystroke="alt p" />
  </action>
  <action id="GotoSymbol">
    <keyboard-shortcut first-keystroke="alt s" />
  </action>
  <action id="GotoTypeDeclaration">
    <mouse-shortcut keystroke="shift control button1" />
    <keyboard-shortcut first-keystroke="alt t" />
  </action>
  <action id="HideActiveWindow">
    <keyboard-shortcut first-keystroke="shift escape" />
    <keyboard-shortcut first-keystroke="shift alt h" />
  </action>
  <action id="HideAllWindows">
    <keyboard-shortcut first-keystroke="shift ctrl o" />
  </action>
  <action id="Images.Editor.ZoomIn">
    <keyboard-shortcut first-keystroke="ctrl add" />
  </action>
  <action id="Images.Editor.ZoomOut">
    <keyboard-shortcut first-keystroke="ctrl subtract" />
  </action>
  <action id="Images.ShowThumbnails" />
  <action id="ImplementMethods" />
  <action id="Inline" />
  <action id="InsertLiveTemplate" />
  <action id="IntroduceConstant" />
  <action id="IntroduceField" />
  <action id="IntroduceVariable" />
  <action id="JumpToLastWindow">
    <keyboard-shortcut first-keystroke="shift ctrl l" />
  </action>
  <action id="LocateInSolutionExplorer" />
  <action id="MethodHierarchy" />
  <action id="MoveLineDown">
    <keyboard-shortcut first-keystroke="alt down" />
  </action>
  <action id="MoveLineUp">
    <keyboard-shortcut first-keystroke="alt up" />
  </action>
  <action id="NextOccurence">
    <keyboard-shortcut first-keystroke="ctrl semicolon" />
  </action>
  <action id="NextTab">
    <keyboard-shortcut first-keystroke="alt right" />
    <keyboard-shortcut first-keystroke="ctrl k" />
  </action>
  <action id="Pause">
    <keyboard-shortcut first-keystroke="ctrl pause" />
  </action>
  <action id="PerforceDirect.Edit" />
  <action id="PreviousOccurence">
    <keyboard-shortcut first-keystroke="ctrl comma" />
    <keyboard-shortcut first-keystroke="shift ctrl semicolon" />
  </action>
  <action id="PreviousTab">
    <keyboard-shortcut first-keystroke="alt left" />
    <keyboard-shortcut first-keystroke="ctrl j" />
  </action>
  <action id="QuickImplementations">
    <keyboard-shortcut first-keystroke="alt q" />
  </action>
  <action id="QuickJavaDoc">
    <keyboard-shortcut first-keystroke="ctrl alt i" />
    <keyboard-shortcut first-keystroke="alt space" />
  </action>
  <action id="ReSharperGotoImplementation">
    <mouse-shortcut keystroke="control alt button1" />
    <keyboard-shortcut first-keystroke="alt i" />
  </action>
  <action id="ReSharperNavigateTo" />
  <action id="RecentChangedFiles">
    <keyboard-shortcut first-keystroke="shift ctrl alt back_space" />
    <keyboard-shortcut first-keystroke="alt e" />
  </action>
  <action id="RecentFiles">
    <keyboard-shortcut first-keystroke="alt r" />
  </action>
  <action id="Refresh" />
  <action id="ReplaceInPath" />
  <action id="RiderNuGetQuickListPopupAction" />
  <action id="RiderOpenSolution" />
  <action id="RiderUnitTestQuickListPopupAction" />
  <action id="RunDashboard.ShowConfigurations" />
  <action id="SaveAll" />
  <action id="SearchEverywhere" />
  <action id="SelectNextOccurrence" />
  <action id="ShowErrorDescription">
    <keyboard-shortcut first-keystroke="ctrl f1" />
  </action>
  <action id="ShowNavBar">
    <keyboard-shortcut first-keystroke="ctrl tab" />
  </action>
  <action id="ShowSettings" />
  <action id="ShowUmlDiagramPopup" />
  <action id="SurroundWith" />
  <action id="Switcher" />
  <action id="TabSwitchPlugin.NextVcsChangeAction">
    <keyboard-shortcut first-keystroke="shift alt n" />
  </action>
  <action id="TableResult.UnselectPreviousOccurrence" />
  <action id="TogglePinnedMode">
    <keyboard-shortcut first-keystroke="shift ctrl p" />
  </action>
  <action id="ToggleSideMode">
    <keyboard-shortcut first-keystroke="shift ctrl s" />
  </action>
  <action id="ToggleWindowedMode">
    <keyboard-shortcut first-keystroke="shift ctrl f" />
  </action>
  <action id="UML.ZoomIn">
    <keyboard-shortcut first-keystroke="ctrl add" />
  </action>
  <action id="UML.ZoomOut">
    <keyboard-shortcut first-keystroke="ctrl subtract" />
  </action>
  <action id="Uml.ShowDiff" />
  <action id="UnselectPreviousOccurrence" />
  <action id="VimPluginToggle" />
  <action id="com.sburlyaev.cmd.plugin.OpenCmd">
    <keyboard-shortcut first-keystroke="shift alt t" />
  </action>
  <action id="context.load" />
  <action id="context.save" />
  <action id="hg4idea.QFold" />
  <action id="hg4idea.QPushAction" />
  <action id="org.intellij.ideaplugins.tabswitch.action.NextTabAction">
    <keyboard-shortcut first-keystroke="alt n" />
  </action>
  <action id="tasks.close" />
  <action id="tasks.switch" />
</keymap>